{"cameraMode":{"drawMode":0,"name":"Shaded","section":"Shading Mode"},"sceneLighting":false,"audioPlay":false,"sceneViewState":{"showFog":true,"showMaterialUpdate":true,"showSkybox":false,"showFlares":true,"showImageEffects":true,"showParticleSystems":true},"in2DMode":false,"pivot":{"x":0.6025028824806213,"y":0.0,"z":-0.2827143669128418},"rotation":{"x":-0.03731153905391693,"y":0.8961153626441956,"z":-0.4355337917804718,"w":-0.07678189128637314},"size":1.4289418458938599,"orthographic":false}