{"cameraMode":{"drawMode":0,"name":"Shaded","section":"Shading Mode"},"sceneLighting":true,"audioPlay":false,"sceneViewState":{"showFog":true,"showMaterialUpdate":true,"showSkybox":true,"showFlares":true,"showImageEffects":true,"showParticleSystems":true},"in2DMode":false,"pivot":{"x":-1.9342284202575684,"y":1.1869279146194459,"z":3.194197654724121},"rotation":{"x":-0.35110533237457278,"y":0.33850687742233279,"z":-0.14344877004623414,"w":-0.8611391186714172},"size":14.281959533691407,"orthographic":false}