{"cameraMode":{"drawMode":0,"name":"Shaded","section":"Shading Mode"},"sceneLighting":false,"audioPlay":false,"sceneViewState":{"showFog":true,"showMaterialUpdate":true,"showSkybox":false,"showFlares":true,"showImageEffects":true,"showParticleSystems":true},"in2DMode":false,"pivot":{"x":-0.1916108876466751,"y":-0.2778337001800537,"z":-2.5063161849975588},"rotation":{"x":0.0009983001509681345,"y":-0.99107426404953,"z":0.13310018181800843,"w":0.007433414459228516},"size":4.012282371520996,"orthographic":false}