{"cameraMode":{"drawMode":0,"name":"Shaded","section":"Shading Mode"},"sceneLighting":true,"audioPlay":false,"sceneViewState":{"showFog":true,"showMaterialUpdate":true,"showSkybox":true,"showFlares":true,"showImageEffects":true,"showParticleSystems":true},"in2DMode":false,"pivot":{"x":6.872742176055908,"y":0.8708213567733765,"z":1.026161551475525},"rotation":{"x":-0.22725777328014375,"y":-0.1552080512046814,"z":0.031839706003665927,"w":-0.9608593583106995},"size":1.829938292503357,"orthographic":false}