{"cameraMode":{"drawMode":0,"name":"Shaded","section":"Shading Mode"},"sceneLighting":true,"audioPlay":false,"sceneViewState":{"showFog":true,"showMaterialUpdate":true,"showSkybox":true,"showFlares":true,"showImageEffects":true,"showParticleSystems":true},"in2DMode":false,"pivot":{"x":-6.534265995025635,"y":-2.874312162399292,"z":1.3234472274780274},"rotation":{"x":-0.27469879388809206,"y":0.44958004355430605,"z":-0.1533202975988388,"w":-0.83600914478302},"size":51.32856750488281,"orthographic":false}