{"cameraMode":{"drawMode":0,"name":"Shaded","section":"Shading Mode"},"sceneLighting":true,"audioPlay":false,"sceneViewState":{"showFog":true,"showMaterialUpdate":true,"showSkybox":true,"showFlares":true,"showImageEffects":true,"showParticleSystems":true},"in2DMode":false,"pivot":{"x":30.130084991455079,"y":2.1682403087615969,"z":12.373348236083985},"rotation":{"x":-0.3511456549167633,"y":0.4828389286994934,"z":-0.22637736797332765,"w":-0.7696211338043213},"size":16.043237686157228,"orthographic":false}