{"cameraMode":{"drawMode":0,"name":"Shaded","section":"Shading Mode"},"sceneLighting":true,"audioPlay":false,"sceneViewState":{"showFog":true,"showMaterialUpdate":true,"showSkybox":true,"showFlares":true,"showImageEffects":true,"showParticleSystems":true},"in2DMode":false,"pivot":{"x":-0.6990599632263184,"y":7.676008224487305,"z":-1.2845888137817383},"rotation":{"x":-0.16471895575523377,"y":0.1069408655166626,"z":-0.022742096334695817,"w":-0.9802623391151428},"size":9.679303169250489,"orthographic":false}