{"cameraMode":{"drawMode":0,"name":"Shaded","section":"Shading Mode"},"sceneLighting":false,"audioPlay":false,"sceneViewState":{"showFog":true,"showMaterialUpdate":true,"showSkybox":false,"showFlares":true,"showImageEffects":true,"showParticleSystems":true},"in2DMode":false,"pivot":{"x":0.03304828703403473,"y":-0.008182317018508911,"z":-0.00011077523231506348},"rotation":{"x":0.04794147238135338,"y":-0.922013521194458,"z":0.3645344376564026,"w":0.12127391993999481},"size":0.871576726436615,"orthographic":false}